Rk,Player,Age,Team,Pos,G,GS,MP,FG,FGA,FG%,3P,3PA,3P%,2P,2PA,2P%,eFG%,FT,FTA,FT%,ORB,DRB,TRB,AST,STL,BLK,TOV,PF,PTS,Awards,Player-additional
1,Luka Dončić,26,LAL,PG,64,64,35.8,10.8,22.8,0.476,4.0,10.8,0.366,6.9,11.9,0.575,0.563,7.9,10.1,0.78,0.6,7.1,7.7,8.3,1.6,0.5,4.0,2.4,33.5,CPOY-8AS,doncilu01
2,Shai Gilgeous-Alexander,27,OKC,PG,68,68,33.2,10.8,19.4,0.553,1.7,4.4,0.386,9.1,15.0,0.602,0.597,7.9,9.0,0.879,0.6,3.7,4.3,6.6,1.4,0.8,2.2,2.0,31.1,CPOY-1AS,gilgesh01
3,Anthony Edwards,24,MIN,SG,61,60,35.0,9.9,20.2,0.489,3.4,8.4,0.399,6.5,11.8,0.554,0.572,5.7,7.2,0.796,0.6,4.4,5.0,3.7,1.4,0.8,2.9,1.9,28.8,CPOY-3AS,edwaran01
4,Jaylen Brown,29,BOS,SF,71,71,34.4,10.4,21.7,0.477,2.0,5.7,0.347,8.4,16.0,0.523,0.522,6.0,7.5,0.795,1.1,5.8,6.9,5.1,1.0,0.4,3.6,2.7,28.7,AS,brownja02
5,Tyrese Maxey,25,PHI,PG,70,70,38.0,9.9,21.4,0.462,3.1,8.6,0.367,6.8,12.9,0.525,0.536,5.3,6.0,0.892,0.3,3.8,4.1,6.6,1.9,0.8,2.4,2.2,28.3,CPOY-7AS,maxeyty01
6,Kawhi Leonard,34,LAC,SF,65,65,32.1,9.8,19.4,0.505,2.6,6.8,0.387,7.1,12.5,0.569,0.573,5.7,6.4,0.892,1.1,5.3,6.4,3.6,1.9,0.4,2.0,1.2,27.9,CPOY-10AS,leonaka01
7,Donovan Mitchell,29,CLE,SG,70,70,33.5,9.7,20.0,0.483,3.2,8.8,0.364,6.5,11.2,0.577,0.563,5.3,6.1,0.865,0.7,3.8,4.5,5.7,1.5,0.3,2.8,2.3,27.9,AS,mitchdo01
8,Nikola Jokić,30,DEN,C,65,65,34.8,9.9,17.4,0.569,1.7,4.5,0.38,8.2,12.9,0.636,0.618,6.1,7.4,0.831,3.0,9.9,12.9,10.7,1.4,0.8,3.7,2.7,27.7,CPOY-6AS,jokicni01
9,Giannis Antetokounmpo,31,MIL,PF,36,36,28.9,10.4,16.6,0.624,0.4,1.3,0.333,9.9,15.4,0.647,0.636,6.4,9.9,0.65,2.7,7.1,9.8,5.4,0.9,0.7,3.2,2.4,27.6,AS,antetgi01
10,Joel Embiid,31,PHI,C,38,38,31.6,9.0,18.3,0.489,1.4,4.2,0.333,7.6,14.2,0.535,0.527,7.5,8.8,0.854,2.0,5.7,7.7,3.9,0.6,1.2,2.9,2.2,26.9,,embiijo01
11,Lauri Markkanen,28,UTA,PF,42,42,34.4,9.1,19.2,0.477,2.7,7.7,0.355,6.4,11.5,0.559,0.548,5.7,6.4,0.896,2.0,4.9,6.9,2.1,1.0,0.5,1.5,1.8,26.7,,markkla01
12,Stephen Curry,37,GSW,PG,43,41,30.9,8.7,18.6,0.468,4.4,11.3,0.393,4.3,7.3,0.584,0.587,4.7,5.1,0.923,0.4,3.2,3.6,4.7,1.1,0.4,2.8,1.7,26.6,AS,curryst01
13,Devin Booker,29,PHO,SG,64,64,33.5,8.5,18.7,0.456,1.9,5.8,0.33,6.6,12.9,0.512,0.507,7.1,8.1,0.873,0.8,3.1,3.9,6.0,0.8,0.3,3.1,2.6,26.1,AS,bookede01
14,Jalen Brunson,29,NYK,PG,74,74,35.0,9.3,19.9,0.467,2.6,7.1,0.369,6.7,12.8,0.522,0.533,4.8,5.7,0.841,0.4,2.9,3.3,6.8,0.8,0.1,2.4,2.3,26.0,CPOY-5AS,brunsja01
15,Kevin Durant,37,HOU,SF,78,78,36.4,9.2,17.6,0.52,2.4,5.8,0.413,6.8,11.9,0.572,0.588,5.2,6.0,0.874,0.5,4.9,5.5,4.8,0.8,0.9,3.2,1.8,26.0,CPOY-9AS,duranke01
16,Jamal Murray,28,DEN,PG,75,75,35.4,8.8,18.1,0.483,3.3,7.5,0.435,5.5,10.6,0.517,0.573,4.6,5.2,0.887,0.4,4.0,4.4,7.1,0.9,0.4,2.3,1.7,25.4,CPOY-2AS,murraja01
17,Victor Wembanyama,22,SAS,C,64,55,29.2,8.6,16.9,0.512,1.9,5.5,0.349,6.7,11.4,0.59,0.569,5.8,7.0,0.827,2.0,9.5,11.5,3.1,1.0,3.1,2.4,2.4,25.0,DPOY-1AS,wembavi01
18,Deni Avdija,25,POR,SF,66,66,33.3,7.5,16.1,0.462,1.9,6.0,0.318,5.6,10.2,0.547,0.521,7.4,9.2,0.802,1.1,5.8,6.9,6.7,0.8,0.6,3.8,2.5,24.2,AS,avdijde01
19,Michael Porter Jr.,27,BRK,SF,52,52,32.5,8.5,18.4,0.463,3.4,9.3,0.363,5.2,9.1,0.567,0.555,3.8,4.4,0.859,1.3,5.7,7.1,3.0,1.1,0.3,2.3,2.2,24.2,,portemi01
20,Pascal Siakam,31,IND,PF,62,62,33.2,9.0,18.6,0.484,1.7,4.7,0.358,7.3,13.9,0.527,0.529,4.2,6.1,0.693,1.4,5.2,6.6,3.8,1.1,0.4,2.2,2.4,24.0,AS,siakapa01
21,Cade Cunningham,24,DET,PG,64,64,33.9,8.6,18.6,0.461,2.0,5.7,0.342,6.6,12.9,0.514,0.513,4.8,6.0,0.812,0.9,4.7,5.5,9.9,1.4,0.8,3.7,3.1,23.9,CPOY-4AS,cunnica01
22,James Harden,36,2TM,PG,70,70,34.8,7.0,16.0,0.434,3.1,8.2,0.375,3.9,7.9,0.495,0.529,6.6,7.5,0.884,0.6,4.2,4.8,8.0,1.1,0.4,3.5,2.0,23.6,,hardeja01
22,James Harden,36,LAC,PG,44,44,35.4,7.3,17.5,0.419,3.1,8.8,0.347,4.3,8.7,0.492,0.506,7.7,8.5,0.901,0.6,4.2,4.8,8.1,1.3,0.4,3.7,1.9,25.4,,hardeja01
22,James Harden,36,CLE,PG,26,26,33.8,6.3,13.5,0.466,3.1,7.1,0.435,3.2,6.5,0.5,0.58,4.8,5.8,0.84,0.5,4.3,4.8,7.7,0.8,0.5,3.2,2.1,20.5,,hardeja01
23,Keyonte George,22,UTA,PG,54,54,33.1,7.4,16.3,0.456,2.5,6.7,0.371,5.0,9.6,0.515,0.532,6.2,7.0,0.892,0.4,3.3,3.7,6.1,1.1,0.3,3.1,2.2,23.6,,georgke01
24,Austin Reaves,27,LAL,SG,51,45,34.5,7.3,14.9,0.49,2.3,6.4,0.36,5.0,8.5,0.588,0.567,6.3,7.3,0.871,0.6,4.1,4.7,5.5,1.1,0.4,3.0,2.2,23.3,,reaveau01
25,Jalen Johnson,24,ATL,SF,72,72,35.2,8.3,17.1,0.489,1.7,4.7,0.352,6.7,12.3,0.541,0.537,4.2,5.3,0.788,1.4,8.9,10.3,7.9,1.2,0.4,3.4,2.1,22.5,AS,johnsja05
26,Paolo Banchero,23,ORL,PF,72,72,34.8,7.3,16.0,0.459,1.2,3.8,0.305,6.2,12.2,0.507,0.496,6.3,8.2,0.775,1.2,7.2,8.4,5.2,0.7,0.6,3.1,2.0,22.2,,banchpa01
27,Jayson Tatum,27,BOS,PF,16,16,32.6,7.4,17.9,0.411,2.9,8.9,0.329,4.4,9.0,0.493,0.493,4.1,4.9,0.823,0.5,9.5,10.0,5.3,1.4,0.2,2.4,1.6,21.8,,tatumja01
28,Norman Powell,32,MIA,SG,58,52,29.6,7.3,15.4,0.47,2.7,7.1,0.38,4.6,8.4,0.546,0.558,4.5,5.5,0.827,0.4,3.1,3.5,2.5,1.1,0.2,1.9,2.2,21.7,AS,powelno01
29,Brandon Ingram,28,TOR,SF,77,77,33.8,8.0,16.7,0.477,1.8,4.6,0.382,6.2,12.1,0.512,0.529,3.8,4.6,0.82,0.8,4.8,5.6,3.7,0.8,0.7,2.4,1.9,21.5,AS,ingrabr01
30,Trey Murphy III,25,NOP,SF,66,66,35.5,7.5,15.9,0.47,3.2,8.6,0.379,4.2,7.3,0.577,0.572,3.3,3.7,0.886,1.0,4.8,5.7,3.8,1.5,0.4,1.8,2.1,21.5,,murphtr02
31,Julius Randle,31,MIN,PF,79,79,33.0,7.3,15.3,0.481,1.4,4.4,0.315,6.0,10.9,0.547,0.526,5.0,6.3,0.802,1.7,5.1,6.7,5.0,1.1,0.2,2.7,2.8,21.1,,randlju01
32,Cooper Flagg,19,DAL,SF,70,70,33.5,8.0,17.1,0.468,1.0,3.5,0.295,7.0,13.6,0.513,0.498,4.0,4.9,0.827,1.2,5.4,6.7,4.5,1.2,0.9,2.3,2.0,21.0,ROY-1,flaggco01
33,Zion Williamson,25,NOP,PF,62,55,29.7,7.8,13.0,0.6,0.0,0.1,0.25,7.8,13.0,0.601,0.6,5.4,7.5,0.716,2.0,3.7,5.7,3.2,1.0,0.5,2.0,2.3,21.0,,willizi01
34,LeBron James,41,LAL,SF,60,60,33.2,7.9,15.3,0.515,1.3,4.1,0.317,6.6,11.3,0.586,0.557,3.9,5.3,0.737,0.7,5.4,6.1,7.2,1.2,0.6,3.0,1.4,20.9,AS,jamesle01
35,Nickeil Alexander-Walker,27,ATL,SG,78,71,33.4,7.0,15.3,0.459,3.2,8.1,0.399,3.8,7.3,0.525,0.564,3.6,3.9,0.902,0.7,2.8,3.4,3.7,1.3,0.5,2.1,2.2,20.8,MIP-1,alexani01
36,Shaedon Sharpe,22,POR,SG,50,42,29.4,7.8,17.4,0.452,2.1,6.1,0.337,5.8,11.2,0.514,0.511,3.1,3.9,0.787,1.0,3.3,4.3,2.6,1.4,0.1,2.9,2.0,20.8,,sharpsh01
37,Franz Wagner,24,ORL,SF,34,32,30.0,7.2,14.9,0.481,1.4,4.1,0.345,5.8,10.8,0.533,0.529,4.8,5.8,0.823,1.3,3.9,5.2,3.3,0.9,0.3,1.7,2.1,20.6,,wagnefr01
38,Tyler Herro,26,MIA,SG,33,28,31.3,7.5,15.6,0.48,2.5,6.7,0.378,4.9,8.9,0.556,0.561,3.0,3.3,0.917,0.4,4.4,4.8,4.1,0.7,0.4,1.9,1.9,20.5,,herroty01
39,Anthony Davis,32,DAL,PF,20,20,31.3,8.5,16.7,0.506,0.5,1.9,0.27,8.0,14.9,0.535,0.521,3.0,4.1,0.728,3.1,8.0,11.1,2.8,1.1,1.7,2.1,2.1,20.4,,davisan02
40,Alperen Şengün,23,HOU,C,72,72,33.3,8.1,15.6,0.519,0.6,1.8,0.305,7.5,13.8,0.547,0.537,3.6,5.2,0.691,3.0,5.9,8.9,6.2,1.2,1.1,3.2,3.3,20.4,AS,sengual01
41,Dillon Brooks,30,PHO,SF,56,56,30.4,7.4,17.1,0.435,2.3,6.6,0.344,5.2,10.5,0.492,0.501,3.0,3.6,0.842,0.8,2.9,3.6,1.8,1.0,0.2,1.8,3.3,20.2,,brookdi01
42,Brandon Miller,23,CHO,SF,65,65,30.3,7.0,16.1,0.435,3.1,8.2,0.383,3.8,7.9,0.489,0.533,3.1,3.4,0.892,1.1,3.8,4.9,3.3,1.0,0.7,2.5,2.8,20.2,,millebr02
43,Bam Adebayo,28,MIA,C,73,73,32.4,6.9,15.7,0.442,1.7,5.5,0.318,5.2,10.2,0.509,0.497,4.5,5.8,0.778,2.0,8.0,10.0,3.2,1.2,0.7,1.6,1.7,20.1,DPOY-11,adebaba01
44,LaMelo Ball,24,CHO,PG,72,69,28.0,7.0,17.3,0.407,3.8,10.3,0.368,3.3,7.0,0.464,0.516,2.2,2.5,0.899,0.9,3.9,4.8,7.1,1.2,0.2,2.8,2.7,20.1,,ballla01
45,Desmond Bane,27,ORL,SG,82,82,33.6,7.1,14.7,0.484,2.0,5.2,0.391,5.1,9.5,0.535,0.553,3.8,4.2,0.908,1.2,2.9,4.1,4.1,1.0,0.5,2.0,3.1,20.1,,banede01
46,Karl-Anthony Towns,30,NYK,C,75,75,31.0,6.9,13.8,0.501,1.5,4.1,0.368,5.4,9.7,0.557,0.556,4.8,5.5,0.858,3.1,8.7,11.9,3.0,0.9,0.5,2.5,3.4,20.1,AS,townska01
47,Jimmy Butler,36,GSW,SF,38,38,31.1,6.3,12.2,0.519,0.8,2.2,0.376,5.5,9.9,0.552,0.554,6.5,7.6,0.864,2.3,3.2,5.6,4.9,1.4,0.2,1.6,1.2,20.0,,butleji01
48,Ty Jerome,28,MEM,SG,15,15,22.6,6.8,14.3,0.474,2.8,6.7,0.42,4.0,7.7,0.522,0.572,3.3,3.7,0.875,0.7,2.1,2.8,5.7,1.1,0.3,1.8,2.1,19.7,,jeromty01
49,Jalen Duren,22,DET,C,70,70,28.2,7.5,11.5,0.65,0.0,0.0,,7.5,11.5,0.65,0.65,4.6,6.1,0.747,3.8,6.7,10.5,2.0,0.8,0.8,1.9,2.8,19.5,DPOY-11AS,durenja01
50,Ja Morant,26,MEM,PG,20,20,28.5,6.6,16.1,0.41,1.0,4.3,0.235,5.6,11.9,0.473,0.441,5.3,5.9,0.897,0.4,2.9,3.3,8.1,1.0,0.3,3.6,2.0,19.5,,moranja01
51,Jaren Jackson Jr.,26,2TM,C,48,48,30.3,7.1,15.0,0.476,1.8,4.9,0.357,5.4,10.1,0.533,0.534,3.4,4.2,0.803,0.9,4.8,5.7,2.0,1.1,1.4,2.2,3.7,19.4,,jacksja02
51,Jaren Jackson Jr.,26,MEM,C,45,45,30.7,7.1,14.9,0.475,1.8,4.9,0.359,5.3,10.0,0.531,0.534,3.3,4.2,0.797,0.9,4.8,5.8,1.9,1.0,1.5,2.2,3.8,19.2,,jacksja02
51,Jaren Jackson Jr.,26,UTA,C,3,3,24.0,8.0,16.3,0.49,1.7,5.0,0.333,6.3,11.3,0.559,0.541,4.7,5.3,0.875,0.3,4.0,4.3,2.7,2.0,0.3,2.3,3.0,22.3,,jacksja02
52,RJ Barrett,25,TOR,SF,57,57,30.3,7.0,14.3,0.491,1.7,5.0,0.339,5.4,9.4,0.572,0.55,3.5,4.9,0.717,1.0,4.3,5.3,3.3,0.7,0.3,1.7,2.6,19.3,,barrerj01
53,Zach LaVine,30,SAC,SG,39,37,31.4,6.7,14.0,0.479,2.5,6.5,0.39,4.2,7.5,0.556,0.569,3.2,3.6,0.88,0.2,2.6,2.8,2.3,0.7,0.3,1.9,2.1,19.2,,lavinza01
54,Darius Garland,26,2TM,PG,45,43,29.9,6.9,14.9,0.46,2.7,6.8,0.396,4.2,8.1,0.514,0.551,2.3,2.7,0.861,0.4,2.0,2.4,6.7,1.0,0.2,2.9,1.9,18.8,,garlada01
54,Darius Garland,26,CLE,PG,26,26,30.5,6.5,14.5,0.451,2.3,6.3,0.36,4.3,8.2,0.521,0.529,2.6,3.0,0.861,0.5,2.0,2.4,6.9,0.8,0.1,2.8,1.8,18.0,,garlada01
54,Darius Garland,26,LAC,PG,19,17,29.1,7.3,15.5,0.471,3.3,7.6,0.438,4.0,7.9,0.503,0.578,1.9,2.3,0.86,0.3,2.0,2.3,6.4,1.2,0.3,3.0,1.9,19.9,,garlada01
55,CJ McCollum,34,2TM,PG,76,60,29.8,6.9,15.2,0.455,2.5,6.7,0.375,4.4,8.5,0.519,0.538,2.4,3.1,0.772,0.8,2.5,3.3,3.9,0.8,0.5,1.8,1.9,18.7,,mccolcj01
55,CJ McCollum,34,WAS,SG,35,35,30.9,6.9,15.1,0.454,2.7,7.0,0.393,4.1,8.1,0.505,0.544,2.3,2.9,0.804,0.7,2.9,3.5,3.6,0.7,0.3,1.7,2.1,18.8,,mccolcj01
55,CJ McCollum,34,ATL,PG,41,25,28.8,7.0,15.2,0.456,2.3,6.5,0.357,4.6,8.8,0.529,0.532,2.5,3.3,0.748,1.0,2.2,3.1,4.1,1.0,0.6,1.9,1.7,18.7,,mccolcj01
56,De'Aaron Fox,28,SAS,PG,72,72,31.0,7.1,14.5,0.486,1.8,5.5,0.332,5.3,9.1,0.58,0.549,2.6,3.4,0.76,0.6,3.2,3.8,6.2,1.2,0.3,2.3,2.3,18.6,AS,foxde01
57,Jerami Grant,31,POR,PF,57,38,29.7,5.8,12.8,0.453,2.4,6.1,0.389,3.4,6.7,0.513,0.547,4.6,5.6,0.814,1.0,2.5,3.5,2.1,0.7,0.6,2.1,2.5,18.6,,grantje01
58,Kon Knueppel,20,CHO,SF,81,80,31.5,6.4,13.4,0.475,3.4,7.9,0.425,3.0,5.5,0.548,0.601,2.4,2.8,0.863,1.2,4.1,5.3,3.4,0.7,0.2,2.0,2.1,18.5,ROY-2,knuepko01
59,DeMar DeRozan,36,SAC,PF,77,77,31.2,6.5,13.1,0.497,0.6,1.9,0.32,5.9,11.1,0.527,0.52,4.9,5.6,0.868,0.5,2.5,2.9,4.1,1.0,0.3,1.2,1.9,18.4,,derozde01
60,Amen Thompson,23,HOU,PG,79,79,37.4,7.1,13.2,0.534,0.3,1.5,0.216,6.7,11.7,0.573,0.545,3.8,4.9,0.779,3.0,4.8,7.8,5.3,1.5,0.6,2.4,2.2,18.3,DPOY-8,thompam01
61,Evan Mobley,24,CLE,PF,65,63,31.9,7.2,13.2,0.546,1.0,3.2,0.297,6.3,10.0,0.626,0.582,2.8,4.6,0.606,2.4,6.6,9.0,3.6,0.7,1.7,1.9,2.4,18.2,,mobleev01
62,Scottie Barnes,24,TOR,PF,80,80,33.5,7.1,14.0,0.507,0.9,2.8,0.304,6.3,11.2,0.557,0.537,3.0,3.7,0.815,1.9,5.6,7.5,5.9,1.4,1.5,2.6,2.6,18.1,DPOY-5AS,barnesc01
63,Trae Young,27,2TM,PG,15,15,25.6,5.4,11.8,0.458,1.8,5.3,0.338,3.6,6.5,0.557,0.534,5.3,6.5,0.825,0.3,1.7,2.0,8.0,0.9,0.1,2.6,2.2,17.9,,youngtr01
63,Trae Young,27,ATL,PG,10,10,28.0,5.6,13.5,0.415,1.8,5.9,0.305,3.8,7.6,0.5,0.481,6.3,7.3,0.863,0.0,1.5,1.5,8.9,1.0,0.1,2.6,2.0,19.3,,youngtr01
63,Trae Young,27,WAS,PG,5,5,20.8,5.0,8.4,0.595,1.8,4.2,0.429,3.2,4.2,0.762,0.702,3.4,4.8,0.708,0.8,2.2,3.0,6.2,0.6,0.2,2.6,2.6,15.2,,youngtr01
64,Jalen Green,23,PHO,SG,32,27,25.9,6.8,16.0,0.422,2.2,7.1,0.313,4.5,8.9,0.509,0.491,2.0,2.7,0.747,0.5,3.1,3.6,2.8,1.1,0.3,2.3,1.3,17.8,,greenja05
65,Saddiq Bey,26,NOP,SF,72,64,31.2,6.1,13.4,0.451,2.1,5.7,0.367,4.0,7.7,0.514,0.529,3.4,4.1,0.841,1.7,3.9,5.6,2.5,0.9,0.1,0.9,1.3,17.7,,beysa01
66,Bennedict Mathurin,23,2TM,SF,54,25,30.0,5.4,12.5,0.43,1.4,4.4,0.315,4.0,8.1,0.492,0.485,5.4,6.2,0.869,1.0,4.4,5.4,2.4,0.8,0.2,2.2,2.5,17.6,,mathube01
66,Bennedict Mathurin,23,IND,SF,28,24,31.8,5.5,12.8,0.433,2.1,5.6,0.372,3.5,7.2,0.48,0.514,4.6,5.2,0.884,0.8,4.6,5.4,2.3,0.6,0.1,2.3,2.7,17.8,,mathube01
66,Bennedict Mathurin,23,LAC,SF,26,1,28.0,5.2,12.3,0.426,0.7,3.2,0.207,4.6,9.1,0.502,0.453,6.3,7.3,0.858,1.3,4.2,5.5,2.5,1.0,0.3,2.1,2.3,17.4,,mathube01
67,Coby White,25,2TM,SG,50,26,25.0,5.6,12.5,0.446,2.3,6.4,0.362,3.3,6.1,0.534,0.539,3.9,4.8,0.817,0.3,3.1,3.4,4.0,0.5,0.1,2.6,2.2,17.4,,whiteco01
67,Coby White,25,CHI,SG,29,26,29.1,5.9,13.6,0.438,2.5,7.2,0.346,3.4,6.4,0.541,0.529,4.3,5.3,0.805,0.2,3.5,3.7,4.7,0.7,0.1,3.0,2.4,18.6,,whiteco01
67,Coby White,25,CHO,SG,21,0,19.3,5.0,11.0,0.461,2.0,5.2,0.391,3.0,5.7,0.525,0.554,3.5,4.1,0.839,0.5,2.5,3.0,3.0,0.2,0.1,1.9,1.9,15.6,,whiteco01
68,Kevin Porter Jr.,25,MIL,PG,38,36,33.2,6.3,13.5,0.465,1.2,3.8,0.322,5.1,9.8,0.52,0.51,3.6,4.1,0.878,0.9,4.3,5.2,7.4,2.2,0.5,2.9,2.3,17.4,,porteke02
69,Paul George,35,PHI,PF,37,37,30.7,6.1,13.9,0.439,2.7,6.9,0.392,3.4,7.0,0.484,0.536,2.5,3.0,0.82,0.5,4.8,5.3,3.6,1.7,0.4,1.7,2.3,17.3,,georgpa01
70,Ryan Rollins,23,MIL,PG,74,67,32.1,6.6,13.9,0.472,2.5,6.1,0.406,4.1,7.8,0.523,0.561,1.7,2.1,0.796,0.7,3.8,4.6,5.6,1.5,0.4,2.7,2.6,17.3,,rolliry01
71,Miles Bridges,27,CHO,PF,77,77,31.0,6.2,13.5,0.46,1.9,5.8,0.333,4.3,7.8,0.554,0.531,2.7,3.3,0.822,1.0,4.9,5.8,3.2,0.6,0.4,1.4,1.7,17.1,,bridgmi02
72,Chet Holmgren,23,OKC,PF,69,69,28.9,6.3,11.3,0.557,1.3,3.5,0.362,5.0,7.8,0.646,0.614,3.3,4.1,0.792,1.9,7.0,8.9,1.7,0.6,1.9,1.6,2.3,17.1,DPOY-2AS,holmgch01
73,Jalen Williams,24,OKC,SG,33,33,28.4,6.5,13.5,0.484,0.7,2.3,0.299,5.8,11.2,0.523,0.51,3.3,3.9,0.837,0.8,3.8,4.6,5.5,1.2,0.3,1.9,2.0,17.1,,willija06
74,Josh Giddey,23,CHI,PG,54,51,32.1,5.9,13.3,0.448,1.9,5.2,0.364,4.0,8.0,0.502,0.52,3.2,4.2,0.763,1.2,7.1,8.3,9.1,1.0,0.5,3.6,1.7,17.0,,giddejo01
75,Payton Pritchard,28,BOS,PG,79,50,32.4,6.4,13.8,0.464,2.7,7.1,0.377,3.7,6.7,0.556,0.561,1.5,1.7,0.89,0.9,3.1,3.9,5.2,0.7,0.1,1.4,1.5,17.0,,pritcpa01
76,Andrew Nembhard,26,IND,PG,57,57,31.3,5.8,13.2,0.442,1.9,5.2,0.361,4.0,8.0,0.495,0.513,3.4,4.1,0.825,0.4,2.4,2.8,7.7,0.9,0.1,2.4,2.2,16.9,,nembhan01
77,Kristaps Porziņģis,30,2TM,C,32,23,24.0,5.4,12.1,0.446,1.7,5.0,0.338,3.7,7.1,0.522,0.515,4.2,4.9,0.842,1.3,4.0,5.2,2.5,0.6,1.2,1.3,2.9,16.7,,porzikr01
77,Kristaps Porziņģis,30,ATL,C,17,12,24.3,5.6,12.4,0.457,1.8,5.1,0.36,3.8,7.3,0.524,0.531,4.0,4.8,0.84,1.2,3.9,5.1,2.7,0.5,1.3,0.9,3.2,17.1,,porzikr01
77,Kristaps Porziņģis,30,GSW,C,15,11,23.7,5.1,11.9,0.433,1.5,4.9,0.311,3.6,6.9,0.519,0.497,4.3,5.1,0.844,1.3,4.1,5.3,2.3,0.6,1.1,1.7,2.5,16.1,,porzikr01
78,OG Anunoby,28,NYK,PF,67,67,33.2,5.8,12.0,0.484,2.3,6.1,0.386,3.5,5.9,0.584,0.581,2.7,3.3,0.828,1.3,4.0,5.2,2.2,1.6,0.7,1.8,2.4,16.7,DPOY-10,anunoog01
79,Stephon Castle,21,SAS,PG,68,67,30.0,5.7,12.0,0.471,1.2,3.6,0.332,4.5,8.4,0.531,0.521,4.1,5.6,0.734,1.4,3.9,5.3,7.4,1.1,0.3,3.2,3.3,16.7,,castlst01
80,Dejounte Murray,29,NOP,PG,14,14,27.8,6.3,13.0,0.484,1.4,4.4,0.306,4.9,8.6,0.575,0.536,2.8,3.2,0.867,0.3,5.1,5.4,6.4,1.6,0.2,3.4,2.4,16.7,,murrade01
81,Grayson Allen,30,PHO,SG,51,27,28.8,5.3,13.1,0.403,3.1,8.9,0.349,2.2,4.2,0.519,0.522,2.8,3.3,0.857,0.7,2.3,3.0,3.8,1.4,0.3,1.6,2.3,16.5,,allengr01
82,Derrick White,31,BOS,SG,77,77,34.1,5.7,14.4,0.394,2.7,8.3,0.327,3.0,6.1,0.487,0.489,2.4,2.6,0.902,1.1,3.3,4.4,5.4,1.1,1.3,1.7,1.5,16.5,DPOY-6,whitede01
83,Immanuel Quickley,26,TOR,PG,70,70,31.9,5.7,12.9,0.443,2.5,6.8,0.374,3.2,6.1,0.52,0.541,2.4,3.0,0.821,0.5,3.5,4.0,5.9,1.3,0.1,1.5,2.0,16.4,,quickim01
84,Matas Buzelis,21,CHI,PF,77,77,29.2,5.8,12.5,0.463,2.2,6.4,0.349,3.5,6.1,0.583,0.553,2.4,3.1,0.786,1.0,4.8,5.8,2.1,0.7,1.5,2.1,2.3,16.3,,buzelma01
85,Jrue Holiday,35,POR,PG,53,51,29.4,6.0,13.4,0.451,2.6,6.8,0.378,3.5,6.5,0.527,0.548,1.7,2.0,0.838,1.3,3.3,4.6,6.1,1.0,0.1,2.8,1.5,16.3,,holidjr01
86,Alex Sarr,20,WAS,C,48,48,27.2,6.6,13.7,0.482,1.0,3.1,0.333,5.5,10.5,0.526,0.52,2.1,3.0,0.692,2.2,5.2,7.4,2.7,0.8,2.0,1.7,2.2,16.3,,sarral01
87,Dariq Whitehead,21,MEM,SF,6,2,30.5,6.2,15.5,0.398,3.2,10.0,0.317,3.0,5.5,0.545,0.5,0.8,1.2,0.714,0.3,3.7,4.0,1.5,0.7,0.0,1.7,2.2,16.3,,whiteda01
88,Aaron Gordon,30,DEN,PF,36,33,27.9,5.5,11.1,0.497,1.7,4.4,0.389,3.8,6.7,0.568,0.574,3.5,4.5,0.767,1.4,4.4,5.8,2.7,0.6,0.3,1.1,1.7,16.2,,gordoaa01
89,VJ Edgecombe,20,PHI,SG,75,75,35.0,6.0,13.7,0.438,2.0,5.6,0.354,4.0,8.1,0.496,0.51,2.0,2.4,0.818,1.6,4.0,5.6,4.2,1.4,0.5,1.8,2.9,16.0,ROY-3,edgecvj01
90,Domantas Sabonis,29,SAC,C,19,15,29.7,6.3,11.6,0.543,0.3,1.4,0.185,6.1,10.2,0.593,0.554,2.9,4.1,0.727,3.4,8.0,11.4,4.1,0.9,0.2,2.7,3.5,15.8,,sabondo01
91,Jabari Smith Jr.,22,HOU,PF,77,77,35.1,5.7,12.6,0.45,2.3,6.3,0.363,3.4,6.3,0.537,0.541,2.1,2.7,0.775,1.4,5.5,6.9,1.9,0.7,0.9,1.4,2.5,15.8,,smithja05
92,Collin Sexton,27,2TM,SG,68,22,23.7,5.3,10.9,0.485,1.6,4.1,0.401,3.6,6.8,0.536,0.561,3.2,3.8,0.855,0.6,1.7,2.3,3.3,1.1,0.1,2.1,2.1,15.4,,sextoco01
92,Collin Sexton,27,CHO,SG,42,12,22.3,4.8,9.9,0.488,1.4,3.5,0.393,3.5,6.4,0.539,0.557,3.2,3.7,0.877,0.4,1.5,1.9,3.7,0.9,0.2,2.1,1.8,14.2,,sextoco01
92,Collin Sexton,27,CHI,SG,26,10,26.0,6.1,12.6,0.482,2.1,5.2,0.41,4.0,7.5,0.531,0.566,3.2,3.9,0.822,0.9,2.0,2.9,2.5,1.5,0.1,2.0,2.7,17.5,,sextoco01
93,Jarrett Allen,27,CLE,C,56,56,27.1,6.0,9.4,0.638,0.0,0.2,0.1,6.0,9.3,0.649,0.639,3.3,4.7,0.709,2.6,5.9,8.5,1.8,1.0,0.8,1.3,1.7,15.4,,allenja01
94,Jaime Jaquez Jr.,24,MIA,SF,75,1,28.3,6.2,12.2,0.507,0.8,2.4,0.317,5.4,9.8,0.555,0.539,2.2,2.9,0.769,1.3,3.7,5.0,4.7,0.7,0.3,2.0,1.8,15.4,6MOY-2,jaqueja01
95,Andrew Wiggins,30,MIA,SF,68,68,30.3,5.7,12.1,0.475,2.0,4.9,0.414,3.7,7.2,0.516,0.559,1.9,2.4,0.784,1.7,3.1,4.8,2.7,1.1,1.0,1.5,2.3,15.4,,wiggian01
96,Naji Marshall,28,DAL,SF,74,47,29.5,5.7,11.1,0.51,0.8,2.9,0.291,4.8,8.2,0.587,0.548,3.1,4.1,0.76,0.9,3.8,4.7,3.3,1.1,0.1,1.6,1.9,15.2,,marshna01
97,Onyeka Okongwu,25,ATL,C,74,63,31.0,5.6,11.6,0.48,1.9,5.2,0.376,3.6,6.4,0.564,0.564,2.1,2.7,0.757,1.9,5.7,7.6,3.1,1.1,1.1,1.7,3.3,15.2,,okongon01
98,Russell Westbrook,37,SAC,SF,64,58,29.0,5.6,13.1,0.427,2.0,5.9,0.338,3.6,7.2,0.5,0.503,2.0,2.9,0.694,1.3,4.2,5.4,6.7,1.3,0.2,3.3,2.3,15.2,,westbru01
99,Nikola Vučević,35,2TM,C,64,49,28.4,6.2,12.5,0.493,1.6,4.2,0.369,4.6,8.3,0.557,0.556,1.2,1.5,0.828,2.0,6.4,8.4,3.3,0.6,0.6,1.3,2.0,15.1,,vucevni01
99,Nikola Vučević,35,CHI,C,48,48,30.8,6.9,13.8,0.505,1.7,4.5,0.376,5.2,9.2,0.568,0.567,1.3,1.5,0.838,2.1,6.9,9.0,3.8,0.7,0.6,1.4,2.0,16.9,,vucevni01
99,Nikola Vučević,35,BOS,C,16,1,21.1,3.8,8.7,0.439,1.1,3.3,0.34,2.7,5.4,0.5,0.504,0.9,1.2,0.789,1.6,5.1,6.6,2.0,0.4,0.6,1.0,1.9,9.7,,vucevni01
100,Anthony Black,22,ORL,PG,64,40,29.8,5.4,12.1,0.447,1.6,4.7,0.333,3.8,7.4,0.519,0.512,2.6,3.6,0.732,0.7,3.1,3.8,3.7,1.4,0.7,2.1,2.7,15.0,,blackan01
